Album,Artist,Year,Win,Avg_Energy,Avg_Danceability,Avg_Loudness,Avg_Valence,Avg_Tempo
...but seriously,Phil Collins,1991,0,0.7249,0.53965,-6.58645,0.425055,120.92845
...nothing like the sun,Sting,1989,0,0.41357499999999997,0.5651666666666667,-17.605166666666666,0.5475,122.18425
"""awaken, my love!""",Childish Gambino,2018,0,0.4775151515151515,0.6134545454545455,-10.61330303030303,0.48508484848484845,134.21872727272728
1989,Taylor Swift,2016,1,0.6987692307692308,0.6502307692307693,-6.236461538461539,0.4619076923076923,118.55246153846154
21,Adele,2012,1,0.5019189189189189,0.5627567567567567,-6.450432432432432,0.395054054054054,120.07921621621621
24k magic,Bruno Mars,2018,1,0.6903333333333334,0.6905555555555556,-5.385222222222222,0.6958888888888889,136.3101111111111
25,Adele,2017,1,0.5008636363636364,0.4822272727272727,-6.174636363636363,0.2903181818181818,130.37800000000001
4:44,Jay-Z,2018,0,0.7498,0.60205,-6.4159,0.55385,122.9834
52nd street,Billy Joel,1980,1,0.4782222222222222,0.6028888888888889,-15.348444444444445,0.5962222222222222,132.711
7,Lil Nas X,2020,0,0.3359090909090909,0.5489999999999999,-12.299272727272728,0.3759090909090909,128.9901818181818
a man and his music,Frank Sinatra,1967,1,0.21263437500000001,0.4315,-17.71478125,0.438753125,104.0371875
a sailor's guide to earth,Sturgill Simpson,2017,0,0.5861111111111111,0.4572222222222222,-7.576888888888889,0.44122222222222224,107.19533333333334
a tramp shining,Richard Harris,1969,0,0.319,0.3098888888888889,-14.912333333333335,0.26522222222222225,98.40844444444444
abbey road,The Beatles,1970,0,0.4571764705882353,0.518,-11.344411764705882,0.4591764705882353,118.16676470588236
achtung baby,U2,1993,0,0.6411666666666667,0.48791666666666667,-10.422,0.4043333333333333,118.172
acoustic soul,India.Arie,2002,0,0.40189375,0.6638125,-9.9088125,0.51025,116.59831249999999
aja,Steely Dan,1978,0,0.48807142857142854,0.6492142857142857,-12.535428571428572,0.6367142857142857,125.17785714285715
all that you can't leave behind,U2,2002,0,0.664,0.5346521739130435,-7.9968260869565215,0.41847826086956524,126.13008695652174
all things must pass,George Harrison,1972,0,0.57355,0.4738,-9.00855,0.49127,116.8998
american fool,John Cougar,1983,0,0.7018,0.7138,-5.8831999999999995,0.7876,126.8202
american idiot,Green Day,2005,0,0.8722222222222222,0.3922222222222222,-3.7894444444444444,0.5091111111111111,142.2461111111111
american pie,Don McLean,1973,0,0.2826409090909091,0.49168181818181816,-15.211454545454545,0.46504545454545454,110.85136363636363
an innocent man,Billy Joel,1984,0,0.6785,0.635,-6.6872,0.7043,119.228
at san quentin,Johnny Cash,1970,0,0.6058,0.4926,-11.5744,0.6825,127.5616
automatic for the people,R.E.M.,1994,0,0.48591666666666666,0.4791666666666667,-10.66675,0.409,132.32033333333334
babel,Mumford & Sons,2013,1,0.5551111111111111,0.3983055555555556,-8.436861111111112,0.28560555555555556,109.61327777777778
bach's greatest hits,The Swingle Singers,1964,0,NaN,NaN,NaN,NaN,NaN
back home again,John Denver,1975,0,0.28570833333333334,0.5511666666666667,-13.091208333333334,0.5291666666666667,113.994625
back in the high life,Steve Winwood,1987,0,0.5705,0.6970000000000001,-14.1795,0.778375,111.595
back on the block,Quincy Jones & Various Artists,1991,1,0.6125,0.582,-9.509142857142857,0.5175285714285714,120.87907142857144
back to black,Amy Winehouse,2008,0,0.7307,0.5834444444444444,-4.318611111111111,0.5420111111111111,112.84023333333333
bad,Michael Jackson,1988,0,0.6687916666666667,0.5502916666666666,-6.924666666666667,0.67525,114.55529166666666
bad girls,Donna Summer,1980,0,0.5465333333333333,0.7214666666666667,-15.374266666666667,0.7410666666666667,121.63246666666666
band on the run,Paul McCartney & Wings,1975,0,0.22373888888888888,0.1893388888888889,-16.711222222222222,0.08683888888888888,99.50627777777778
beauty and the beast,Various Artists,1993,0,0.36412500000000003,0.4158875,-13.4585625,0.3472375,115.61525
beauty behind the madness,The Weeknd,2016,0,0.5246410256410257,0.551076923076923,-8.373,0.28346666666666664,115.10858974358975
beerbongs & bentleys,Post Malone,2019,0,0.6324,0.6462285714285715,-5.6208857142857145,0.3498857142857143,135.64697142857142
behind closed doors,Charlie Rich,1974,0,0.2994545454545455,0.471,-14.377272727272727,0.3839090909090909,104.34272727272727
belafonte at carnegie hall,Harry Belafonte,1960,0,0.3760157894736842,0.629,-14.456473684210525,0.5289473684210526,120.073
belafonte returns to carnegie hall,Harry Belafonte,1961,0,0.35156315789473686,0.47710526315789475,-17.101315789473684,0.42401052631578945,115.05557894736842
between the lines,Janis Ian,1976,0,0.27352727272727273,0.4602727272727273,-14.796545454545456,0.2902727272727273,117.06090909090909
beyoncé,Beyoncé,2015,0,0.55365,0.5584,-8.5243,0.37472500000000003,129.90505
big whiskey & the groogrux king,Dave Matthews Band,2010,0,0.7569230769230769,0.5547692307692308,-5.821,0.5135384615384615,108.72407692307692
"black panther: the album, music from and inspired by",Various Artists,2019,0,0.6192142857142857,0.6852142857142857,-7.252571428571429,0.4227142857142857,121.264
"blood, sweat & tears","Blood, Sweat & Tears",1970,1,0.40192,0.43555,-9.04375,0.37274,125.6405
blunderbuss,Jack White,2013,0,0.6798076923076923,0.44534615384615384,-10.760923076923076,0.49988461538461537,140.40853846153846
bookends,Simon & Garfunkel,1969,0,0.29118333333333335,0.44908333333333333,-18.823666666666668,0.50825,119.092
born in the u.s.a.,Bruce Springsteen,1985,0,0.8382499999999999,0.5221666666666667,-6.794,0.7618333333333334,129.81716666666668
born this way,Lady Gaga,2012,0,0.8125714285714286,0.6170714285714286,-5.545214285714286,0.4807142857142857,124.78592857142857
brahms: concerto no. 2 in b-flat,Sviatoslav Richter,1961,0,0.137025,0.247525,-21.158,0.11705,97.06675
breakfast at tiffany's soundtrack,Henry Mancini,1962,0,0.40441666666666665,0.53075,-13.642666666666667,0.611,111.46125
breakfast in america,Supertramp,1980,0,0.53395,0.47925,-12.01765,0.5038,111.26235
breakin' away,Al Jarreau,1982,0,0.41788888888888887,0.597,-14.688,0.6048888888888889,111.40877777777777
breezin',George Benson,1977,0,0.6074444444444445,0.6453333333333333,-10.568666666666667,0.6636666666666666,101.543
bridge over troubled water,Simon & Garfunkel,1971,1,0.5128181818181818,0.45536363636363636,-12.867909090909091,0.5669090909090909,121.10118181818181
brothers in arms,Dire Straits,1986,0,0.4742777777777778,0.593,-12.587944444444444,0.47155555555555556,118.35072222222222
by the time i get to phoenix,Glen Campbell,1969,1,0.38627272727272727,0.4016363636363636,-11.796545454545454,0.4681818181818182,96.81109090909091
"by the way, i forgive you",Brandi Carlile,2019,0,0.5972,0.4451,-5.8766,0.3574,111.5698
can't slow down,Lionel Richie,1985,1,0.4455,0.691125,-13.584999999999999,0.5904,109.001375
captain fantastic and the brown dirt cowboy,Elton John,1976,0,0.497,0.5483076923076923,-11.355307692307692,0.535923076923077,127.65861538461539
caribou,Elton John,1975,0,0.6713571428571429,0.5349285714285714,-8.624357142857143,0.6856428571428571,122.78007142857143
carpenters,Carpenters,1972,0,0.26724,0.41659999999999997,-12.8733,0.3246,102.7739
channel orange,Frank Ocean,2013,0,0.48160000000000003,0.551,-10.371235294117646,0.3997735294117647,111.73517647058823
chaos and creation in the backyard,Paul McCartney,2006,0,NaN,NaN,NaN,NaN,NaN
chicago,Chicago,1971,0,0.6171538461538462,0.4153846153846154,-11.213153846153846,0.2878230769230769,121.19123076923077
chicago x,Chicago,1977,0,0.6886153846153846,0.5364615384615384,-7.317846153846154,0.6196153846153846,114.21192307692307
christopher cross,Christopher Cross,1981,1,0.48533333333333334,0.6644444444444445,-14.002666666666666,0.62,122.10055555555556
close to you,Carpenters,1971,0,0.32032083333333333,0.4192916666666667,-14.85125,0.42046666666666666,102.392
color me barbra,Barbra Streisand,1967,0,0.2891,0.2955,-14.6297,0.32111,99.6798
come away with me,Norah Jones,2003,1,0.17262142857142856,0.5686428571428571,-13.599642857142857,0.35842857142857143,101.33214285714286
come dance with me!,Frank Sinatra,1960,1,0.2648125,0.5453749999999999,-13.1485625,0.7045,127.048875
come fly with me,Frank Sinatra,1959,0,NaN,NaN,NaN,NaN,NaN
come on over,Shania Twain,1999,0,0.6365625,0.6423125,-7.5433125,0.7154375000000001,124.946
confessions,Usher,2005,0,0.5641,0.76255,-6.98025,0.62865,113.4458
continuum,John Mayer,2007,0,0.4656666666666667,0.6250833333333333,-9.1115,0.4514166666666667,122.14733333333334
control,Janet Jackson,1987,0,0.5625555555555556,0.7568888888888888,-13.166888888888888,0.6726666666666666,117.24877777777778
cotton candy,Al Hirt,1965,0,0.371334,0.5392,-15.45732,0.652932,118.4453
court and spark,Joni Mitchell,1975,0,0.37527272727272726,0.5601818181818182,-13.131818181818183,0.49563636363636365,109.70409090909091
"crosby, stills & nash","Crosby, Stills & Nash",1970,0,0.2764785714285714,0.5154285714285715,-15.202928571428572,0.3912857142857143,114.92042857142857
cuz i love you (deluxe),Lizzo,2020,0,0.7501666666666666,0.7046111111111111,-4.2572777777777775,0.6402222222222222,125.98111111111112
damn.,Kendrick Lamar,2018,0,0.5804516129032258,0.6683225806451613,-7.876838709677419,0.47558064516129034,136.71941935483872
daydream,Mariah Carey,1996,0,0.47591666666666665,0.5118333333333334,-9.794833333333333,0.33947499999999997,123.10658333333333
days of wine and roses and other tv requests,Andy Williams,1964,0,0.65675,0.5685,-7.51325,0.49175,123.55266666666667
déjà vu,"Crosby, Stills, Nash and Young",1971,0,0.3674,0.4801,-14.0097,0.4476,132.466
dirty computer,Janelle Monáe,2019,0,0.4637357142857143,0.6441785714285714,-9.733892857142857,0.3026714285714286,113.74
diva,Annie Lennox,1993,0,0.27526875,0.511,-12.946375,0.5119375,118.41425
doctor zhivago soundtrack,Maurice Jarre,1967,0,0.3803111111111111,0.5765111111111111,-12.731555555555556,0.44414444444444445,111.24475555555556
doo-wops & hooligans,Bruno Mars,2012,0,0.6500833333333333,0.62225,-5.270833333333333,0.5158333333333334,121.89566666666667
double fantasy,John Lennon & Yoko Ono,1982,1,0.6421428571428571,0.6242142857142857,-8.278857142857143,0.5877142857142857,107.6
"echoes, silence, patience & grace",Foo Fighters,2008,0,0.6265833333333334,0.48158333333333336,-7.4195,0.345,131.73375000000001
el camino,The Black Keys,2013,0,0.7234545454545455,0.5392727272727272,-6.004363636363636,0.5506363636363636,123.97636363636364
elephant,The White Stripes,2004,0,0.5944642857142857,0.4706904761904762,-8.727761904761905,0.4088333333333333,116.57638095238096
ella fitzgerald sings the irving berlin songbook,Ella Fitzgerald,1959,0,0.6699032258064516,0.7906451612903226,-5.62858064516129,0.639483870967742,102.46667741935484
elton john,Elton John,1971,0,0.42688139534883723,0.49967441860465117,-10.422488372093023,0.44113953488372093,120.75572093023256
even now,Barry Manilow,1979,0,0.432625,0.36615000000000003,-9.929499999999999,0.3442,116.808925
faith,George Michael,1989,1,0.46392272727272726,0.5673636363636364,-10.657227272727273,0.41060454545454544,113.33031818181819
fallen,Evanescence,2004,0,0.6950833333333333,0.3531666666666667,-6.223916666666667,0.2579416666666667,131.63308333333333
falling into you,Celine Dion,1997,1,0.5144375,0.48362499999999997,-9.21175,0.314575,139.7575625
fanmail,TLC,2000,0,0.6193529411764706,0.6912647058823529,-7.343735294117647,0.6016264705882353,117.54423529411764
father of the bride,Vampire Weekend,2020,0,0.49373076923076925,0.6614615384615384,-8.150576923076922,0.5380384615384616,112.72834615384616
fearless,Taylor Swift,2010,1,0.6508412698412699,0.5813650793650794,-5.204142857142857,0.39401587301587304,121.92673015873015
feliciano!,José Feliciano,1969,0,0.31881818181818183,0.39,-14.941727272727274,0.5015454545454545,101.06681818181818
flaming pie,Paul McCartney,1998,0,NaN,NaN,NaN,NaN,NaN
flashdance soundtrack,Various Artists,1984,0,0.5724,0.6528,-11.3759,0.5915,119.8052
fly,Dixie Chicks,2000,0,0.5911923076923077,0.5938461538461538,-8.442769230769231,0.5682307692307692,129.98646153846153
frampton comes alive!,Peter Frampton,1977,0,0.6807333333333333,0.45986666666666665,-8.303133333333333,0.43266666666666664,118.9728
francis albert sinatra & antonio carlos jobim,Frank Sinatra & Antonio Carlos Jobim,1968,0,NaN,NaN,NaN,NaN,NaN
frank sinatra sings for only the lonely,Frank Sinatra,1959,0,0.14818125000000001,0.236375,-16.11825,0.11940625,96.897375
from the cradle,Eric Clapton,1995,0,0.583375,0.54225,-7.8585,0.6955,112.654
fulfillingness' first finale,Stevie Wonder,1975,1,0.5328,0.5507,-11.3278,0.45578,97.7059
full moon fever,Tom Petty,1990,0,NaN,NaN,NaN,NaN,NaN
funny girl (original broadway cast recording),Various Artists,1965,0,0.25702857142857144,0.41884285714285713,-13.342142857142857,0.34530714285714287,100.05971428571428
futuresex/lovesounds,Justin Timberlake,2007,0,0.5989166666666667,0.7636666666666666,-6.225666666666666,0.6431666666666667,108.09691666666667
gaucho,Steely Dan,1982,0,0.39157142857142857,0.7874285714285715,-10.955285714285715,0.6231428571428571,107.28042857142857
genius loves company,Ray Charles & Various Artists,2005,1,0.42441666666666666,0.47475,-9.720208333333334,0.36642083333333336,122.93554166666667
genius+soul=jazz,Ray Charles,1962,0,NaN,NaN,NaN,NaN,NaN
getz/gilberto,Stan Getz & João Gilberto,1965,1,NaN,NaN,NaN,NaN,NaN
girl,Pharrell Williams,2015,0,0.6674545454545454,0.6682727272727272,-9.888,0.6836363636363636,110.77754545454545
glass houses,Billy Joel,1981,0,0.6977,0.6369,-7.7361,0.7356,136.7068
golden hour,Kacey Musgraves,2019,1,0.5343846153846153,0.6136923076923076,-7.148846153846153,0.4596153846153846,108.53146153846154
"good kid, m.a.a.d city",Kendrick Lamar,2014,0,0.6593214285714286,0.5947857142857143,-8.185428571428572,0.30865,111.41653571428571
graceland,Paul Simon,1987,1,0.6224705882352941,0.6525294117647059,-9.965470588235295,0.7065882352941176,119.33982352941176
graduation,Kanye West,2008,0,0.624675,0.5722,-7.1974,0.50983,104.9856
grease original soundtrack album,Various Artists,1979,0,0.45395,0.6219,-12.24715,0.68975,122.3137
great band with great voices,Si Zentner & the Johnny Mann Singers,1962,0,NaN,NaN,NaN,NaN,NaN
guilty,Barbra Streisand,1981,0,0.2892222222222222,0.4708888888888889,-16.467111111111112,0.41033333333333333,126.43166666666667
h.e.r.,H.E.R.,2019,0,0.4047142857142857,0.5205238095238095,-11.088333333333333,0.26215714285714287,106.96690476190476
heart in motion,Amy Grant,1992,0,0.7738181818181818,0.6379090909090909,-5.0213636363636365,0.6497272727272727,120.59945454545455
heart like a wheel,Linda Ronstadt,1976,0,0.3537,0.5065,-11.7325,0.4134,117.8265
help!,The Beatles,1966,0,0.6109285714285715,0.528,-8.258571428571429,0.7267142857142858,116.29871428571428
"history: past, present and future, book i",Michael Jackson,1996,0,0.4156440677966102,0.4457118644067797,-10.548728813559322,0.46318305084745764,102.937
home,Dixie Chicks,2003,0,0.47458333333333336,0.5274166666666666,-7.477,0.46208333333333335,141.97325
honey in the horn,Al Hirt,1964,0,0.45166666666666666,0.41141666666666665,-10.065666666666667,0.50025,96.66258333333333
hotel california,Eagles,1978,0,0.43422222222222223,0.4936666666666667,-10.095888888888888,0.46207777777777775,128.16133333333335
how to dismantle an atomic bomb,U2,2006,1,0.7280869565217392,0.40730434782608693,-5.0798695652173915,0.3459913043478261,139.3576956521739
i am... sasha fierce,Beyoncé,2010,0,0.541054054054054,0.5068108108108108,-8.399000000000001,0.3874594594594595,103.93445945945946
i left my heart in san francisco,Tony Bennett,1963,0,0.26383333333333336,0.36983333333333335,-15.451333333333332,0.34158333333333335,104.129
i used to know her,H.E.R.,2020,0,0.4924210526315789,0.5492631578947368,-9.299052631578947,0.37082631578947367,107.29726315789473
"i, i",Bon Iver,2020,0,0.3248615384615385,0.4652307692307692,-12.271923076923077,0.24963076923076924,106.95576923076923
in rainbows,Radiohead,2009,0,0.5917,0.5294,-8.693,0.39462,121.1304
in the lonely hour,Sam Smith,2015,0,0.4286,0.5479,-8.1084,0.3394,101.8968
ingenue,k.d. lang,1993,0,0.45615,0.5062222222222222,-11.812944444444444,0.23017222222222222,104.953
innervisions,Stevie Wonder,1974,1,0.6331111111111111,0.5758888888888889,-11.091444444444445,0.5517777777777778,110.86166666666666
invasion of privacy,Cardi B,2019,0,0.609,0.8511153846153846,-6.9263076923076925,0.46353076923076925,134.70392307692308
it must be him,Vikki Carr,1968,0,0.349,0.43653846153846154,-11.628846153846155,0.5033076923076923,135.12653846153847
jagged little pill,Alanis Morissette,1996,1,0.6481538461538462,0.47407692307692306,-8.727307692307692,0.37879999999999997,115.53346153846154
jazz samba,Stan Getz & Charlie Byrd,1963,0,NaN,NaN,NaN,NaN,NaN
jesus christ superstar (london production),Various Artists,1972,0,NaN,NaN,NaN,NaN,NaN
jesus christ superstar (original broadway cast recording),Various Artists,1973,0,NaN,NaN,NaN,NaN,NaN
jt,James Taylor,1978,0,0.28445,0.6510833333333333,-14.747416666666666,0.440425,105.81133333333334
judy at carnegie hall,Judy Garland,1962,1,0.3740269230769231,0.3151923076923077,-15.84003846153846,0.27947692307692307,100.60365384615385
justified,Justin Timberlake,2004,0,0.635,0.7369230769230769,-7.178076923076923,0.7183846153846154,102.81646153846154
kamakiriad,Donald Fagen,1994,0,0.414125,0.7983750000000001,-14.189625,0.675125,117.601
kid a,Radiohead,2001,0,0.47545454545454546,0.38481818181818184,-12.852272727272727,0.2729,113.93454545454546
killing me softly,Roberta Flack,1974,0,0.3178625,0.446875,-15.019,0.254525,114.009
late registration,Kanye West,2006,0,0.636015625,0.615859375,-7.8368125,0.52190625,106.771390625
lemonade,Beyoncé,2017,0,0.4843846153846154,0.5296153846153846,-9.677923076923078,0.4025846153846154,122.11138461538461
let's dance,David Bowie,1984,0,0.7775,0.6095,-7.111625,0.829125,128.2455
longing in their hearts,Bonnie Raitt,1995,0,0.38155,0.5644166666666667,-13.560666666666666,0.5305833333333333,104.27908333333333
loud,Rihanna,2012,0,0.773896551724138,0.6291379310344828,-4.511379310344828,0.49275862068965515,126.70817241379311
love and theft,Bob Dylan,2002,0,0.6509166666666667,0.5750833333333334,-8.882249999999999,0.54225,103.52166666666668
love. angel. music. baby.,Gwen Stefani,2006,0,0.664775,0.45485,-7.7681000000000004,0.25955,124.93684999999999
luck of the draw,Bonnie Raitt,1992,0,0.4201083333333333,0.61425,-14.2705,0.561875,107.15016666666666
magical mystery tour,The Beatles,1969,0,0.48654545454545456,0.4669090909090909,-10.410727272727273,0.4736181818181818,111.12263636363636
mariah carey,Mariah Carey,1991,0,0.6083636363636363,0.5876363636363636,-10.78590909090909,0.5608181818181818,126.62727272727273
mellon collie and the infinite sadness,The Smashing Pumpkins,1997,0,0.5653142857142857,0.3512857142857143,-10.846285714285715,0.38534285714285715,117.18314285714285
melodrama,Lorde,2018,0,0.4308947368421053,0.6046842105263158,-8.885421052631578,0.2727894736842105,107.85115789473684
midnite vultures,Beck,2001,0,0.7633571428571428,0.6231428571428571,-7.551642857142857,0.5982857142857143,105.55514285714285
millennium,Backstreet Boys,2000,0,0.6184166666666666,0.643,-6.766333333333334,0.5111666666666667,120.62941666666667
minute by minute,The Doobie Brothers,1980,0,0.4717,0.7108,-16.011300000000002,0.9169,117.1104
mistaken identity,Kim Carnes,1982,0,0.6105294117647059,0.6356764705882353,-11.569058823529412,0.5919705882352941,113.60632352941177
modern sounds in country and western music,Ray Charles,1963,0,0.32458333333333333,0.56033333333333335,-13.025791666666667,0.6370416666666666,110.78620833333333
moods,Neil Diamond,1973,0,0.30376363636363635,0.4741818181818182,-18.950272727272726,0.48517272727272726,113.10190909090909
more music from peter gunn,Henry Mancini,1960,0,0.3972857142857143,0.4757857142857143,-12.029642857142857,0.5003214285714286,108.85885714285715
morning phase,Beck,2015,1,0.39992307692307694,0.46335384615384617,-9.842538461538462,0.2206923076923077,114.18592307692307
mtv unplugged,Tony Bennett,1995,1,0.47615151515151516,0.4508787878787879,-15.083454545454545,0.49760909090909095,112.23863636363636
my cup runneth over,Ed Ames,1968,0,0.3094545454545455,0.2866818181818182,-13.143227272727273,0.3086181818181818,113.94390909090909
my name is barbra,Barbra Streisand,1966,0,0.21799166666666667,0.29733333333333334,-13.4915,0.26221666666666665,93.93866666666666
"my son, the folk singer",Allan Sherman,1963,0,0.6781,0.48619999999999997,-7.5986,0.4399,105.06490000000001
my world,Eddy Arnold,1966,0,0.4571578947368421,0.4856315789473684,-9.213473684210527,0.49157894736842106,116.58478947368421
need you now,Lady Antebellum,2011,0,0.7275217391304348,0.5966521739130435,-4.854304347826087,0.44508695652173913,114.71795652173913
nellyville,Nelly,2003,0,0.5885555555555556,0.7933518518518519,-9.232925925925926,0.6757592592592593,116.81961111111112
nice 'n' easy,Frank Sinatra,1961,0,0.1077625,0.2676875,-17.5766875,0.1962125,102.22975
nick of time,Bonnie Raitt,1990,1,0.3156090909090909,0.645,-15.802090909090909,0.5626363636363636,120.13563636363637
nilsson schmilsson,Nilsson,1973,0,0.36285,0.4971,-16.027,0.5893,121.1956
no jacket required,Phil Collins,1986,1,0.7596363636363637,0.6153636363636363,-6.682454545454545,0.515,120.19227272727274
norman fucking rockwell!,Lana Del Rey,2020,0,0.27145714285714284,0.4342142857142857,-11.989428571428572,0.22897857142857142,97.77385714285714
"o brother, where art thou? soundtrack",Various Artists,2002,1,0.21618947368421051,0.5600526315789474,-15.452157894736843,0.552,112.17463157894737
ode to billie joe,Bobbie Gentry,1968,0,0.2982,0.5238,-13.6548,0.5879,124.0476
odelay,Beck,1997,0,NaN,NaN,NaN,NaN,NaN
ok computer,Radiohead,1998,0,0.5659166666666666,0.2808333333333333,-9.102083333333333,0.28915,115.45491666666666
one of these nights,Eagles,1976,0,0.536,0.4968888888888889,-9.65188888888889,0.5255777777777778,113.46755555555555
out of time,R.E.M.,1992,0,0.7148181818181818,0.5046363636363637,-5.4208181818181815,0.582,114.87418181818182
people,Barbra Streisand,1965,0,0.39058333333333334,0.2895,-8.872833333333334,0.23993333333333333,94.35941666666666
please hammer don't hurt 'em,MC Hammer,1991,0,0.5797692307692308,0.8436923076923077,-13.034153846153846,0.7303076923076923,130.94338461538462
private dancer,Tina Turner,1985,0,0.7348,0.65185,-6.4388,0.6923,135.43415
puccini: turandot,Erich Leinsdorf,1961,0,0.1740051948051948,0.27246753246753247,-21.521844155844157,0.17747532467532467,96.94423376623376
purple rain,Prince & The Revolution,1985,0,0.7123333333333334,0.5791111111111111,-9.811,0.5591111111111111,131.67988888888888
purpose,Justin Bieber,2017,0,0.5941052631578947,0.5850526315789474,-7.174473684210526,0.46762631578947367,116.27310526315789
rachmaninoff piano concerto no. 3,Van Cliburn,1960,0,0.17428333333333335,0.37483333333333335,-16.599166666666665,0.4545,130.788
raising sand,Robert Plant & Alison Krauss,2009,1,NaN,NaN,NaN,NaN,NaN
random access memories,Daft Punk,2014,1,0.5858461538461539,0.6864615384615385,-10.704076923076922,0.48823076923076925,114.47107692307692
ray of light,Madonna,1999,0,0.5896923076923077,0.5582307692307692,-11.22523076923077,0.33615384615384614,117.80815384615384
recovery,Eminem,2011,0,0.9142941176470588,0.6484117647058824,-2.556911764705882,0.5433235294117648,117.1684705882353
red,Taylor Swift,2014,0,0.60984375,0.6165,-8.226625,0.4685625,109.6878125
relish,Joan Osborne,1996,0,0.59725,0.5240833333333333,-9.211666666666666,0.4424166666666667,107.37866666666666
revolver,The Beatles,1967,0,0.5305714285714286,0.48242857142857143,-8.736285714285714,0.6261714285714286,126.28057142857143
river of dreams,Billy Joel,1994,0,0.6962,0.5626,-7.1693,0.5541,118.2316
river: the joni letters,Herbie Hancock,2008,1,0.23245000000000002,0.484,-14.2623,0.2365,110.5996
roll with it,Steve Winwood,1989,0,0.543875,0.659625,-14.829125,0.648125,117.254125
rumours,Fleetwood Mac,1978,1,0.635205,0.5468999999999999,-9.2983999999999991,0.59705,133.9722
running on empty,Jackson Browne,1979,0,0.446,0.5571,-11.525599999999999,0.4431,125.8776
saturday night fever soundtrack,Various Artists[A],1979,1,0.66955,0.6704,-11.7847,0.7836,112.3363
scorpion,Drake,2019,0,0.518,0.6998510638297872,-8.632659574468086,0.3282,118.60238297872341
seal,Seal,1995,0,0.5886363636363636,0.5071818181818182,-9.222545454545454,0.317,120.44736363636363
september of my years,Frank Sinatra,1966,1,0.164,0.22993333333333332,-15.743133333333333,0.15235333333333334,88.37186666666666
sgt. pepper's lonely hearts club band,The Beatles,1968,1,0.4825384615384615,0.5153846153846153,-9.939692307692308,0.6283846153846154,115.7343076923077
shaft,Isaac Hayes,1972,0,0.23274,0.5593333333333333,-20.7322,0.4958666666666667,120.0274
she's so unusual,Cyndi Lauper,1985,0,0.73,0.6627,-7.736,0.6706,123.47460000000001
sign o' the times,Prince,1988,0,0.316875,0.4649375,-14.6145625,0.378325,111.129
silk degrees,Boz Scaggs,1977,0,0.6271739130434782,0.5654347826086956,-8.820652173913043,0.6200608695652174,124.59917391304347
simple pleasures,Bobby McFerrin,1989,0,0.2318,0.7284,-18.7215,0.6995,114.3906
so,Peter Gabriel,1987,0,0.65375,0.55815,-9.259599999999999,0.41456,115.27645
some girls,The Rolling Stones,1979,0,0.8919,0.5837,-3.0789,0.7452,120.7712
some nights,Fun.,2013,0,0.6516,0.4914,-6.560133333333333,0.4516,133.4226
songs in the key of life,Stevie Wonder,1977,1,0.5623190476190476,0.5548571428571428,-11.829619047619047,0.5695238095238095,111.24357142857143
sound & color,Alabama Shakes,2016,0,0.61092,0.47144,-6.1942,0.422112,123.1152
speakerboxxx/the love below,OutKast,2004,1,0.6726653846153846,0.6685128205128205,-7.644730769230769,0.5583717948717949,115.59042307692307
st. elsewhere,Gnarls Barkley,2007,0,0.8516333333333334,0.6586333333333333,-4.6283666666666665,0.7525666666666667,127.37819999999999
stadium arcadium,Red Hot Chili Peppers,2007,0,0.7983,0.54075,-4.00605,0.5217,117.6474
stankonia,OutKast,2002,0,0.6368708333333334,0.673875,-9.6551875,0.5741666666666667,110.12997916666667
star wars soundtrack,John Williams conducting the London Symphony Orchestra,1978,0,0.28385427389937107,0.36915751572327044,-16.936942610062893,0.30233761006289306,106.82322657232704
still crazy after all these years,Paul Simon,1976,1,0.36565000000000003,0.59158333333333335,-13.8905,0.3949,104.11258333333333
supernatural,Santana,2000,1,0.7920714285714285,0.5827857142857142,-6.360285714285714,0.734,112.041
sweet baby james,James Taylor,1971,0,0.21739090909090908,0.6110909090909091,-18.157454545454545,0.5734545454545454,117.02490909090909
synchronicity,The Police,1984,0,0.6211818181818182,0.5710909090909091,-10.985909090909091,0.6432727272727273,149.84609090909092
taking the long way,Dixie Chicks,2007,1,0.6468571428571429,0.5210714285714285,-4.220714285714286,0.41535714285714287,105.22707142857143
tapestry,Carole King,1972,1,0.30733061224489794,0.5576326530612244,-13.863040816326532,0.5055306122448979,117.4525918367347
"tchaikovsky: concerto no. 1 in b flat minor, op. 23",Van Cliburn,1959,0,0.36,0.5026666666666667,-13.158333333333333,0.31533333333333335,88.23333333333333
teenage dream,Katy Perry,2011,0,0.7491851851851852,0.6848518518518518,-4.896,0.6069259259259259,131.39522222222223
ten summoner's tales,Sting,1994,0,0.6063333333333333,0.6209166666666667,-9.926416666666666,0.5268333333333334,111.04883333333333
tha carter iii,Lil Wayne,2009,0,0.580375,0.6790625,-8.25825,0.5251875,125.0766875
"thank u, next",Ariana Grande,2020,0,0.5277083333333333,0.661625,-6.632625,0.38637499999999997,107.45925
the 3 tenors in concert 1994,"José Carreras, Plácido Domingo & Luciano Pavarotti with Zubin Mehta",1995,0,NaN,NaN,NaN,NaN,NaN
the age of aquarius,The 5th Dimension,1970,0,0.6930000000000001,0.4519230769230769,-6.385923076923077,0.7465384615384616,131.54361538461538
the barbra streisand album,Barbra Streisand,1964,1,0.33345454545454545,0.5292727272727272,-11.164090909090909,0.40381818181818185,117.43154545454546
the blessed unrest,Sara Bareilles,2014,0,0.565,0.5924166666666667,-6.613833333333334,0.42944166666666667,122.0265
the bodyguard,Whitney Houston,1994,1,0.551925,0.5275416666666667,-11.371083333333333,0.4527333333333333,114.86383333333333
the broadway album,Barbra Streisand,1987,0,0.3600833333333333,0.29008333333333336,-10.87725,0.216475,99.9065
the button-down mind of bob newhart,Bob Newhart,1961,1,0.5195000000000001,0.5423333333333333,-13.793166666666666,0.6715,100.0935
the college dropout,Kanye West,2005,0,0.5905476190476191,0.5926666666666667,-7.839166666666666,0.663047619047619,106.15159523809524
the concert for bangladesh,"George Harrison & Friends (Ravi Shankar, Bob Dylan, Leon Russell, Ringo Starr, Billy Preston, Eric Clapton & Klaus Voormann)",1973,1,NaN,NaN,NaN,NaN,NaN
the day,Babyface,1998,0,0.4017222222222222,0.6885555555555556,-9.306472222222222,0.4751388888888889,117.49266666666666
the diary of alicia keys,Alicia Keys,2005,0,0.5842,0.6189333333333333,-8.4724,0.5039333333333333,113.403
the divine miss m,Bette Midler,1974,0,0.4557727272727273,0.43618181818181817,-12.061545454545454,0.49515454545454546,137.28418181818182
the dream of the blue turtles,Sting,1986,0,0.44523,0.5468000000000001,-16.1901,0.5929,111.4486
the dude,Quincy Jones,1982,0,0.45561111111111113,0.7151111111111111,-15.9525,0.653,111.2393888888889
the e.n.d.,The Black Eyed Peas,2010,0,0.27350303785373026,0.35107796765894894,-17.30535887541345,0.28382488055861815,107.15634509371554
the emancipation of mimi,Mariah Carey,2006,0,0.611625,0.69885,-6.3611375,0.634975,110.7485
the eminem show,Eminem,2003,0,0.5977538461538462,0.7239230769230769,-7.793564102564103,0.5011974358974359,109.78497435897435
the end of the innocence,Don Henley,1990,0,0.63255,0.6627,-10.782,0.5357,113.2653
the fame,Lady Gaga,2010,0,0.76,0.7791333333333333,-4.484733333333334,0.7312,120.98713333333333
the fame monster,Lady Gaga,2011,0,0.80425,0.63625,-5.1834375,0.48275,115.1813125
the first family,Vaughn Meader,1963,1,NaN,NaN,NaN,NaN,NaN
the gambler,Kenny Rogers,1980,0,0.4919090909090909,0.5799090909090909,-12.853636363636364,0.7173636363636363,132.40863636363636
the globe sessions,Sheryl Crow,1999,0,0.668923076923077,0.5581538461538461,-7.084307692307693,0.5208461538461538,121.33123076923077
the heist,Macklemore & Ryan Lewis,2014,0,0.7148,0.5923,-7.0549,0.4998166666666667,113.36596666666667
the joshua tree,U2,1988,1,0.56192,0.48328,-12.28824,0.401192,119.05944
the marshall mathers lp,Eminem,2001,0,0.6486222222222222,0.7329333333333333,-7.758844444444445,0.5618622222222223,93.83182222222223
the miseducation of lauryn hill,Lauryn Hill,1999,1,0.5945,0.611125,-9.6480625,0.65625,101.5288125
the music from peter gunn,Henry Mancini,1959,1,0.30005,0.4945,-14.956166666666666,0.41044166666666665,126.05291666666666
the nat king cole story,Nat King Cole,1962,0,0.1797888888888889,0.4102222222222222,-18.354666666666667,0.3635083333333333,108.07133333333333
the nightfly,Donald Fagen,1983,0,0.448625,0.785,-14.564,0.7785,127.28399999999999
the nylon curtain,Billy Joel,1983,0,0.5496666666666666,0.5076666666666667,-10.667333333333334,0.45355555555555555,118.2718888888889
the pink panther,Henry Mancini,1965,0,0.27828083333333337,0.464575,-17.640166666666666,0.4679,114.41725
the raw & the cooked,Fine Young Cannibals,1990,0,0.6225,0.7244,-10.7506,0.816,134.156
the rhythm of the saints,Paul Simon,1992,0,0.538,0.6405714285714286,-14.277,0.7810714285714285,112.16471428571428
the rising,Bruce Springsteen,2003,0,0.6798,0.5474666666666667,-8.388,0.61892,119.00526666666667
the score,The Fugees,1997,0,0.39942941176470587,0.6940588235294117,-14.82529411764706,0.5775882352941176,101.06029411764706
the singing nun,The Singing Nun,1964,0,NaN,NaN,NaN,NaN,NaN
the sound of music soundtrack,Various Artists,1966,0,0.18420625000000002,0.379625,-15.318,0.31631875,100.062375
the suburbs,Arcade Fire,2011,1,0.721296875,0.45865625,-7.53296875,0.411075,124.92596875
the wall,Pink Floyd,1981,0,0.2534461538461538,0.46896153846153843,-19.36823076923077,0.2608653846153846,115.85042307692308
there goes rhymin' simon,Paul Simon,1974,0,0.29907142857142854,0.6102142857142857,-16.27692857142857,0.498,106.19228571428572
these days,Vince Gill,2008,0,0.5678604651162791,0.5866744186046512,-7.979581395348837,0.5302279069767442,121.71158139534884
this fire,Paula Cole,1998,0,0.4650909090909091,0.533,-10.230454545454545,0.4372,112.9050909090909
thriller,Michael Jackson,1984,1,0.5734444444444444,0.7807777777777778,-10.566,0.7777777777777778,117.05455555555555
time out of mind,Bob Dylan,1998,1,0.47145454545454546,0.48345454545454547,-13.12190909090909,0.4358181818181818,115.40736363636364
to pimp a butterfly,Kendrick Lamar,2016,0,0.70340625,0.59109375,-5.79734375,0.487,103.369
toto iv,Toto,1983,1,0.4969,0.6221,-15.0577,0.67387,119.6838
tracy chapman,Tracy Chapman,1989,0,0.35955454545454546,0.7005454545454546,-14.428363636363637,0.5451818181818182,112.21445454545454
traveling wilburys vol. 1,Traveling Wilburys,1990,0,0.8074,0.6576,-5.945,0.688,135.2236
traveller,Chris Stapleton,2016,0,0.4445357142857143,0.5441428571428572,-10.384214285714286,0.43257142857142855,113.69414285714285
trilogy: past present future,Frank Sinatra,1981,0,0.31074999999999997,0.34425,-14.0756,0.35604,120.9602
trio,"Dolly Parton, Linda Ronstadt, & Emmylou Harris",1988,0,NaN,NaN,NaN,NaN,NaN
tug of war,Paul McCartney,1983,0,NaN,NaN,NaN,NaN,NaN
two against nature,Steely Dan,2001,1,0.49100000000000005,0.8077777777777778,-9.403777777777778,0.6843333333333333,121.68688888888889
under construction,Missy Elliott,2004,0,0.627,0.7529285714285714,-7.33375,0.661,109.73653571428571
unforgettable... with love,Natalie Cole,1992,1,0.26094,0.40875,-14.71715,0.384765,111.75959999999999
unplugged,Eric Clapton,1993,1,0.5427142857142857,0.40232142857142855,-10.044142857142857,0.28227142857142856,131.2967857142857
version 2.0,Garbage,1999,0,0.817125,0.5344166666666667,-7.009125,0.49275,122.69745833333333
"victory at sea, vol. 1",Robert Russell Bennett,1960,0,0.4583333333333333,0.5153333333333333,-12.734444444444444,0.5801222222222222,109.87522222222222
views,Drake,2017,0,0.521675,0.6764,-8.9469,0.273145,117.74085
vitalogy,Pearl Jam,1996,0,0.681,0.464,-8.91470588235294,0.30923529411764705,125.17664705882353
viva la vida or death and all his friends,Coldplay,2009,0,0.6511764705882354,0.323078431372549,-8.358058823529412,0.26135294117647057,125.66492156862745
waiting to exhale: original soundtrack album,Various Artists,1997,0,0.42281250000000004,0.6230625,-9.675,0.32639375,116.71125
wasting light,Foo Fighters,2012,0,0.8188181818181818,0.44627272727272727,-4.492090909090909,0.47854545454545455,132.50127272727272
we are the world,USA for Africa,1986,0,NaN,NaN,NaN,NaN,NaN
west side story soundtrack,Various Artists,1962,0,0.31287894736842103,0.3821052631578947,-13.510052631578947,0.3554631578947368,100.23494736842105
what now my love,Herb Alpert and the Tijuana Brass,1967,0,0.40725,0.5921666666666666,-12.722916666666666,0.5454666666666667,132.973
when i look in your eyes,Diana Krall,2000,0,0.16694615384615386,0.532,-16.16730769230769,0.326,109.45123076923078
"when we all fall asleep, where do we go?",Billie Eilish,2020,1,0.28172142857142857,0.5837857142857142,-15.085071428571428,0.28800714285714285,105.49428571428571
whitney,Whitney Houston,1988,0,0.6067777777777777,0.5997777777777777,-10.286666666666667,0.6313333333333333,114.64999999999999
whitney houston,Whitney Houston,1986,0,0.37277777777777776,0.6554444444444444,-15.737333333333334,0.5122222222222222,119.91811111111112
wild is love,Nat King Cole,1961,0,0.3845,0.36014285714285715,-9.308785714285714,0.4040714285714286,96.23407142857143
wilson phillips,Wilson Phillips,1991,0,0.6085,0.6353,-10.1118,0.5677,106.8453
x,Ed Sheeran,2015,0,0.4880625,0.685375,-8.0725,0.5650625,102.8679375
year of the gentleman,Ne-Yo,2009,0,0.663,0.6813846153846154,-5.754846153846154,0.4887692307692308,132.4566923076923
you're the one,Paul Simon,2001,0,0.4962285714285714,0.59378571428571425,-11.337428571428571,0.48542857142857143,123.13071428571429
